variant,file,external_guid
absolute_deviation,unity/exports/absolute_deviation/PushBlock/Demos/ExpertPushBlock.demo.meta,7bd65ce151aaa4a41a45312543c56be1
absolute_deviation,unity/exports/absolute_deviation/PushBlock/Meshes/PushBlockCourt.fbx.meta,36c7baa347d68f347a9aa9698aa1bcdd
absolute_deviation,unity/exports/absolute_deviation/PushBlock/Meshes/PushBlockCourt.fbx.meta,6a39c0407dd85684384bf0277294e9b6
absolute_deviation,unity/exports/absolute_deviation/PushBlock/Meshes/PushBlockCourt.fbx.meta,bc723809e6ff3174fad3e774cae1aed0
absolute_deviation,unity/exports/absolute_deviation/PushBlock/Prefabs/PushBlockAgentGridCollab.prefab,04be259c590de46f69db4cbd1da877d5
absolute_deviation,unity/exports/absolute_deviation/PushBlock/Prefabs/PushBlockAgentGridCollab.prefab,2a501962d056745d1a30e99146ee39fe
absolute_deviation,unity/exports/absolute_deviation/PushBlock/Prefabs/PushBlockAgentGridCollab.prefab,3a5c9d521e5ef4759a8246a07d52221e
absolute_deviation,unity/exports/absolute_deviation/PushBlock/Prefabs/PushBlockAgentGridCollab.prefab,3a6da8f78a394c6ab027688eab81e04d
absolute_deviation,unity/exports/absolute_deviation/PushBlock/Prefabs/PushBlockAgentGridCollab.prefab,5d1c4e0b1822b495aa52bc52839ecb30
absolute_deviation,unity/exports/absolute_deviation/PushBlock/Prefabs/PushBlockAgentGridCollab.prefab,c9fa44c2c3f8ce74ca39a3355ea42631
absolute_deviation,unity/exports/absolute_deviation/PushBlock/Prefabs/PushBlockAgentGridCollab.prefab,df0f8be9a37d6486498061e2cbc4cd94
absolute_deviation,unity/exports/absolute_deviation/PushBlock/Prefabs/PushBlockAgentGridCollab.prefab,e35859736a42e4342b3272438be93ea9
absolute_deviation,unity/exports/absolute_deviation/PushBlock/Prefabs/PushBlockAgentGridCollab.prefab,f731be6866ce749fd8349e67ae81f76a
absolute_deviation,unity/exports/absolute_deviation/PushBlock/Prefabs/PushBlockArea.prefab,04be259c590de46f69db4cbd1da877d5
absolute_deviation,unity/exports/absolute_deviation/PushBlock/Prefabs/PushBlockArea.prefab,3a5c9d521e5ef4759a8246a07d52221e
absolute_deviation,unity/exports/absolute_deviation/PushBlock/Prefabs/PushBlockArea.prefab,3a6da8f78a394c6ab027688eab81e04d
absolute_deviation,unity/exports/absolute_deviation/PushBlock/Prefabs/PushBlockArea.prefab,5d1c4e0b1822b495aa52bc52839ecb30
absolute_deviation,unity/exports/absolute_deviation/PushBlock/Prefabs/PushBlockArea.prefab,66163cf35956a4be08e801b750c26f33
absolute_deviation,unity/exports/absolute_deviation/PushBlock/Prefabs/PushBlockArea.prefab,6bb6b867a41448888c1cd4f99643ad71
absolute_deviation,unity/exports/absolute_deviation/PushBlock/Prefabs/PushBlockArea.prefab,7d079d09ceed84ff49cf6841c66cf7ec
absolute_deviation,unity/exports/absolute_deviation/PushBlock/Prefabs/PushBlockArea.prefab,acba6bf2a290a496bb8989b42bf8698d
absolute_deviation,unity/exports/absolute_deviation/PushBlock/Prefabs/PushBlockArea.prefab,c67450f290f3e4897bc40276a619e78d
absolute_deviation,unity/exports/absolute_deviation/PushBlock/Prefabs/PushBlockArea.prefab,c9fa44c2c3f8ce74ca39a3355ea42631
absolute_deviation,unity/exports/absolute_deviation/PushBlock/Prefabs/PushBlockArea.prefab,dea8c4f2604b947e6b7b97750dde87ca
absolute_deviation,unity/exports/absolute_deviation/PushBlock/Prefabs/PushBlockArea.prefab,eaad04b0e0dec42229c9cb00a981d7ac
absolute_deviation,unity/exports/absolute_deviation/PushBlock/Prefabs/PushBlockArea.prefab,f731be6866ce749fd8349e67ae81f76a
absolute_deviation,unity/exports/absolute_deviation/PushBlock/Prefabs/PushBlockCollabAreaGrid.prefab,0cd44c1031e13a943bb63640046fad76
absolute_deviation,unity/exports/absolute_deviation/PushBlock/Prefabs/PushBlockCollabAreaGrid.prefab,52eab8ab5010f438fab93da85735ba1d
absolute_deviation,unity/exports/absolute_deviation/PushBlock/Prefabs/PushBlockCollabAreaGrid.prefab,5f7201a12d95ffc409449d95f23cf332
absolute_deviation,unity/exports/absolute_deviation/PushBlock/Prefabs/PushBlockCollabAreaGrid.prefab,66163cf35956a4be08e801b750c26f33
absolute_deviation,unity/exports/absolute_deviation/PushBlock/Prefabs/PushBlockCollabAreaGrid.prefab,acba6bf2a290a496bb8989b42bf8698d
absolute_deviation,unity/exports/absolute_deviation/PushBlock/Prefabs/PushBlockCollabAreaGrid.prefab,b0da1813c36914e678ba57f2790424e1
absolute_deviation,unity/exports/absolute_deviation/PushBlock/Prefabs/PushBlockCollabAreaGrid.prefab,c67450f290f3e4897bc40276a619e78d
absolute_deviation,unity/exports/absolute_deviation/PushBlock/Prefabs/PushBlockCollabAreaGrid.prefab,eaad04b0e0dec42229c9cb00a981d7ac
absolute_deviation,unity/exports/absolute_deviation/PushBlock/Scenes/PushBlock.unity,03723c7f910c3423aa1974f1b9ce8392
absolute_deviation,unity/exports/absolute_deviation/PushBlock/Scenes/PushBlock.unity,3ce107b4a79bc4eef83afde434932a68
absolute_deviation,unity/exports/absolute_deviation/PushBlock/Scenes/PushBlock.unity,5889392e3f05b448a8a06c5def6c2dec
absolute_deviation,unity/exports/absolute_deviation/PushBlock/Scenes/PushBlock.unity,a1daf31cdf41e484ca9ac33a5c6f524a
absolute_deviation,unity/exports/absolute_deviation/PushBlock/Scenes/PushBlock.unity,df32cc593804f42df97464dc455057b8
absolute_deviation,unity/exports/absolute_deviation/PushBlock/Scenes/PushBlock.unity,ec51f47c5ed0478080c449c74fd9c154
absolute_deviation,unity/exports/absolute_deviation/PushBlock/Scenes/PushBlock.unity,f70555f144d8491a825f0804e09c671c
absolute_deviation,unity/exports/absolute_deviation/PushBlock/Scenes/PushBlockCollab.unity,03723c7f910c3423aa1974f1b9ce8392
absolute_deviation,unity/exports/absolute_deviation/PushBlock/Scenes/PushBlockCollab.unity,04be259c590de46f69db4cbd1da877d5
absolute_deviation,unity/exports/absolute_deviation/PushBlock/Scenes/PushBlockCollab.unity,0cd44c1031e13a943bb63640046fad76
absolute_deviation,unity/exports/absolute_deviation/PushBlock/Scenes/PushBlockCollab.unity,2a501962d056745d1a30e99146ee39fe
absolute_deviation,unity/exports/absolute_deviation/PushBlock/Scenes/PushBlockCollab.unity,3a5c9d521e5ef4759a8246a07d52221e
absolute_deviation,unity/exports/absolute_deviation/PushBlock/Scenes/PushBlockCollab.unity,3a6da8f78a394c6ab027688eab81e04d
absolute_deviation,unity/exports/absolute_deviation/PushBlock/Scenes/PushBlockCollab.unity,4f231c4fb786f3946a6b90b886c48677
absolute_deviation,unity/exports/absolute_deviation/PushBlock/Scenes/PushBlockCollab.unity,52eab8ab5010f438fab93da85735ba1d
absolute_deviation,unity/exports/absolute_deviation/PushBlock/Scenes/PushBlockCollab.unity,5d1c4e0b1822b495aa52bc52839ecb30
absolute_deviation,unity/exports/absolute_deviation/PushBlock/Scenes/PushBlockCollab.unity,5f7201a12d95ffc409449d95f23cf332
absolute_deviation,unity/exports/absolute_deviation/PushBlock/Scenes/PushBlockCollab.unity,66163cf35956a4be08e801b750c26f33
absolute_deviation,unity/exports/absolute_deviation/PushBlock/Scenes/PushBlockCollab.unity,76c392e42b5098c458856cdf6ecaaaa1
absolute_deviation,unity/exports/absolute_deviation/PushBlock/Scenes/PushBlockCollab.unity,a1daf31cdf41e484ca9ac33a5c6f524a
absolute_deviation,unity/exports/absolute_deviation/PushBlock/Scenes/PushBlockCollab.unity,acba6bf2a290a496bb8989b42bf8698d
absolute_deviation,unity/exports/absolute_deviation/PushBlock/Scenes/PushBlockCollab.unity,b0da1813c36914e678ba57f2790424e1
absolute_deviation,unity/exports/absolute_deviation/PushBlock/Scenes/PushBlockCollab.unity,c67450f290f3e4897bc40276a619e78d
absolute_deviation,unity/exports/absolute_deviation/PushBlock/Scenes/PushBlockCollab.unity,c9fa44c2c3f8ce74ca39a3355ea42631
absolute_deviation,unity/exports/absolute_deviation/PushBlock/Scenes/PushBlockCollab.unity,dc42784cf147c0c48a680349fa168899
absolute_deviation,unity/exports/absolute_deviation/PushBlock/Scenes/PushBlockCollab.unity,df0f8be9a37d6486498061e2cbc4cd94
absolute_deviation,unity/exports/absolute_deviation/PushBlock/Scenes/PushBlockCollab.unity,df32cc593804f42df97464dc455057b8
absolute_deviation,unity/exports/absolute_deviation/PushBlock/Scenes/PushBlockCollab.unity,eaad04b0e0dec42229c9cb00a981d7ac
absolute_deviation,unity/exports/absolute_deviation/PushBlock/Scenes/PushBlockCollab.unity,ec51f47c5ed0478080c449c74fd9c154
absolute_deviation,unity/exports/absolute_deviation/PushBlock/Scenes/PushBlockCollab.unity,f731be6866ce749fd8349e67ae81f76a
absolute_deviation,unity/exports/absolute_deviation/PushBlock/Scenes/PushBlockCollab.unity,fe87c0e1cc204ed48ad3b37840f39efc
absolute_deviation,unity/exports/absolute_deviation/PushBlock/Scenes/PushBlockCollab.unity,ff9a4fb150ec44c1dae2f2c249a05286
absolute_deviation,unity/exports/absolute_deviation/PushBlock/TFModels/PushBlock.nn.meta,19ed1486aa27d4903b34839f37b8f69f
absolute_deviation,unity/exports/absolute_deviation/PushBlock/TFModels/PushBlockCollab-15000102.onnx.meta,683b6cb6d0a474744822c888b46772c9
absolute_deviation,unity/exports/absolute_deviation/PushBlock/TFModels/PushBlockCollab.onnx.meta,683b6cb6d0a474744822c888b46772c9
piecewise,unity/exports/piecewise/PushBlock/Demos/ExpertPushBlock.demo.meta,7bd65ce151aaa4a41a45312543c56be1
piecewise,unity/exports/piecewise/PushBlock/Meshes/PushBlockCourt.fbx.meta,36c7baa347d68f347a9aa9698aa1bcdd
piecewise,unity/exports/piecewise/PushBlock/Meshes/PushBlockCourt.fbx.meta,6a39c0407dd85684384bf0277294e9b6
piecewise,unity/exports/piecewise/PushBlock/Meshes/PushBlockCourt.fbx.meta,bc723809e6ff3174fad3e774cae1aed0
piecewise,unity/exports/piecewise/PushBlock/Prefabs/PushBlockAgentGridCollab.prefab,04be259c590de46f69db4cbd1da877d5
piecewise,unity/exports/piecewise/PushBlock/Prefabs/PushBlockAgentGridCollab.prefab,2a501962d056745d1a30e99146ee39fe
piecewise,unity/exports/piecewise/PushBlock/Prefabs/PushBlockAgentGridCollab.prefab,3a5c9d521e5ef4759a8246a07d52221e
piecewise,unity/exports/piecewise/PushBlock/Prefabs/PushBlockAgentGridCollab.prefab,3a6da8f78a394c6ab027688eab81e04d
piecewise,unity/exports/piecewise/PushBlock/Prefabs/PushBlockAgentGridCollab.prefab,5d1c4e0b1822b495aa52bc52839ecb30
piecewise,unity/exports/piecewise/PushBlock/Prefabs/PushBlockAgentGridCollab.prefab,c9fa44c2c3f8ce74ca39a3355ea42631
piecewise,unity/exports/piecewise/PushBlock/Prefabs/PushBlockAgentGridCollab.prefab,df0f8be9a37d6486498061e2cbc4cd94
piecewise,unity/exports/piecewise/PushBlock/Prefabs/PushBlockAgentGridCollab.prefab,e35859736a42e4342b3272438be93ea9
piecewise,unity/exports/piecewise/PushBlock/Prefabs/PushBlockAgentGridCollab.prefab,f731be6866ce749fd8349e67ae81f76a
piecewise,unity/exports/piecewise/PushBlock/Prefabs/PushBlockArea.prefab,04be259c590de46f69db4cbd1da877d5
piecewise,unity/exports/piecewise/PushBlock/Prefabs/PushBlockArea.prefab,3a5c9d521e5ef4759a8246a07d52221e
piecewise,unity/exports/piecewise/PushBlock/Prefabs/PushBlockArea.prefab,3a6da8f78a394c6ab027688eab81e04d
piecewise,unity/exports/piecewise/PushBlock/Prefabs/PushBlockArea.prefab,5d1c4e0b1822b495aa52bc52839ecb30
piecewise,unity/exports/piecewise/PushBlock/Prefabs/PushBlockArea.prefab,66163cf35956a4be08e801b750c26f33
piecewise,unity/exports/piecewise/PushBlock/Prefabs/PushBlockArea.prefab,6bb6b867a41448888c1cd4f99643ad71
piecewise,unity/exports/piecewise/PushBlock/Prefabs/PushBlockArea.prefab,acba6bf2a290a496bb8989b42bf8698d
piecewise,unity/exports/piecewise/PushBlock/Prefabs/PushBlockArea.prefab,c67450f290f3e4897bc40276a619e78d
piecewise,unity/exports/piecewise/PushBlock/Prefabs/PushBlockArea.prefab,c9fa44c2c3f8ce74ca39a3355ea42631
piecewise,unity/exports/piecewise/PushBlock/Prefabs/PushBlockArea.prefab,eaad04b0e0dec42229c9cb00a981d7ac
piecewise,unity/exports/piecewise/PushBlock/Prefabs/PushBlockArea.prefab,f731be6866ce749fd8349e67ae81f76a
piecewise,unity/exports/piecewise/PushBlock/Prefabs/PushBlockCollabAreaGrid.prefab,0cd44c1031e13a943bb63640046fad76
piecewise,unity/exports/piecewise/PushBlock/Prefabs/PushBlockCollabAreaGrid.prefab,52eab8ab5010f438fab93da85735ba1d
piecewise,unity/exports/piecewise/PushBlock/Prefabs/PushBlockCollabAreaGrid.prefab,5f7201a12d95ffc409449d95f23cf332
piecewise,unity/exports/piecewise/PushBlock/Prefabs/PushBlockCollabAreaGrid.prefab,66163cf35956a4be08e801b750c26f33
piecewise,unity/exports/piecewise/PushBlock/Prefabs/PushBlockCollabAreaGrid.prefab,acba6bf2a290a496bb8989b42bf8698d
piecewise,unity/exports/piecewise/PushBlock/Prefabs/PushBlockCollabAreaGrid.prefab,b0da1813c36914e678ba57f2790424e1
piecewise,unity/exports/piecewise/PushBlock/Prefabs/PushBlockCollabAreaGrid.prefab,c67450f290f3e4897bc40276a619e78d
piecewise,unity/exports/piecewise/PushBlock/Prefabs/PushBlockCollabAreaGrid.prefab,eaad04b0e0dec42229c9cb00a981d7ac
piecewise,unity/exports/piecewise/PushBlock/Scenes/PushBlock.unity,03723c7f910c3423aa1974f1b9ce8392
piecewise,unity/exports/piecewise/PushBlock/Scenes/PushBlock.unity,3ce107b4a79bc4eef83afde434932a68
piecewise,unity/exports/piecewise/PushBlock/Scenes/PushBlock.unity,5889392e3f05b448a8a06c5def6c2dec
piecewise,unity/exports/piecewise/PushBlock/Scenes/PushBlock.unity,a1daf31cdf41e484ca9ac33a5c6f524a
piecewise,unity/exports/piecewise/PushBlock/Scenes/PushBlock.unity,df32cc593804f42df97464dc455057b8
piecewise,unity/exports/piecewise/PushBlock/Scenes/PushBlock.unity,ec51f47c5ed0478080c449c74fd9c154
piecewise,unity/exports/piecewise/PushBlock/Scenes/PushBlock.unity,f70555f144d8491a825f0804e09c671c
piecewise,unity/exports/piecewise/PushBlock/Scenes/PushBlockCollab.unity,03723c7f910c3423aa1974f1b9ce8392
piecewise,unity/exports/piecewise/PushBlock/Scenes/PushBlockCollab.unity,3ce107b4a79bc4eef83afde434932a68
piecewise,unity/exports/piecewise/PushBlock/Scenes/PushBlockCollab.unity,4f231c4fb786f3946a6b90b886c48677
piecewise,unity/exports/piecewise/PushBlock/Scenes/PushBlockCollab.unity,5889392e3f05b448a8a06c5def6c2dec
piecewise,unity/exports/piecewise/PushBlock/Scenes/PushBlockCollab.unity,6a854d81c6dbf634f892abd08282ee49
piecewise,unity/exports/piecewise/PushBlock/Scenes/PushBlockCollab.unity,76c392e42b5098c458856cdf6ecaaaa1
piecewise,unity/exports/piecewise/PushBlock/Scenes/PushBlockCollab.unity,a1daf31cdf41e484ca9ac33a5c6f524a
piecewise,unity/exports/piecewise/PushBlock/Scenes/PushBlockCollab.unity,df32cc593804f42df97464dc455057b8
piecewise,unity/exports/piecewise/PushBlock/Scenes/PushBlockCollab.unity,e2dff0ca025c67d44ad67bd02fc39133
piecewise,unity/exports/piecewise/PushBlock/Scenes/PushBlockCollab.unity,ec51f47c5ed0478080c449c74fd9c154
piecewise,unity/exports/piecewise/PushBlock/TFModels/PushBlock.nn.meta,19ed1486aa27d4903b34839f37b8f69f
piecewise,unity/exports/piecewise/PushBlock/TFModels/PushBlockCollab-12061536.onnx.meta,683b6cb6d0a474744822c888b46772c9
piecewise,unity/exports/piecewise/PushBlock/TFModels/PushBlockCollab-15000177.onnx.meta,683b6cb6d0a474744822c888b46772c9
piecewise,unity/exports/piecewise/PushBlock/TFModels/PushBlockCollab.onnx.meta,683b6cb6d0a474744822c888b46772c9
