label,target_count,valid_events,matching_events,match_rate
Initial,1,1704,865,0.5076291079812206
Initial,2,1766,774,0.43827859569648925
Initial,3,1760,1475,0.8380681818181818
Mass_Large_test,1,1605,895,0.557632398753894
Mass_Large_test,2,1635,866,0.5296636085626911
Mass_Large_test,3,1640,1283,0.7823170731707317
Mass_Light_test,1,1614,1116,0.6914498141263941
Mass_Light_test,2,1684,898,0.5332541567695962
Mass_Light_test,3,1678,1106,0.6591179976162098
Mass_Medium_test,1,1427,1100,0.7708479327259986
Mass_Medium_test,2,1439,808,0.561501042390549
Mass_Medium_test,3,1485,959,0.6457912457912458
